first_name,last_name,email
Trescha,Winder,twinder0@tripod.com
Meryl,Garham,mgarham1@google.it
Catina,Danbye,cdanbye2@jalbum.net
Mellisa,Stealy,mstealy3@nhs.uk
Sibley,McKeon,smckeon4@mashable.com
Kippar,Begent,kbegent5@theguardian.com
Quentin,Mullany,qmullany6@merriam-webster.com
Dalis,Henbury,dhenbury7@slideshare.net
Kiersten,Lambert,klambert8@sitemeter.com
Retha,Plaster,rplaster9@fc2.com
Normy,Sinkins,nsinkinsa@fc2.com
Lacie,Gabbidon,lgabbidonb@disqus.com
Katy,Thomassen,kthomassenc@wikimedia.org
Flossie,Fleming,fflemingd@tmall.com
Brittni,O'Hoey,bohoeye@yellowpages.com
Wheeler,Doneld,wdoneldf@ow.ly
Carlynn,Mathely,cmathelyg@constantcontact.com
Ermengarde,Stranieri,estranierih@paginegialle.it
Teodor,Steynor,tsteynori@usa.gov
Dotty,Arsmith,darsmithj@cbsnews.com
Inger,Sowle,isowlek@goo.ne.jp
Kin,Keuning,kkeuningl@google.pl
Markus,Brodeur,mbrodeurm@storify.com
Garek,Goodenough,ggoodenoughn@newyorker.com
Nicky,Wemm,nwemmo@prnewswire.com
Cammy,Parnall,cparnallp@ftc.gov
Michail,Kelberman,mkelbermanq@over-blog.com
Scott,Grouer,sgrouerr@elpais.com
Margie,Morffew,mmorffews@youtu.be
Jordanna,Scartifield,jscartifieldt@mayoclinic.com
Zorah,Gilliat,zgilliatu@digg.com
Lotta,Kinsman,lkinsmanv@cnbc.com
Lucius,Smythin,lsmythinw@phpbb.com
Rebekah,Blundon,rblundonx@skyrock.com
Ella,Huggin,ehugginy@wsj.com
Engracia,Debill,edebillz@alexa.com
Fayth,Spearing,fspearing10@theguardian.com
Romain,Genney,rgenney11@wikia.com
Dora,Muselli,dmuselli12@topsy.com
Jaclyn,Kernan,jkernan13@oracle.com
Ursola,Passion,upassion14@yale.edu
Webster,Stut,wstut15@ebay.co.uk
Ricardo,Ellwell,rellwell16@mac.com
Gris,Dannett,gdannett17@exblog.jp
Ezri,Neilson,eneilson18@goo.gl
Lefty,Malby,lmalby19@aboutads.info
Marabel,Parrott,mparrott1a@canalblog.com
Tessy,Berrick,tberrick1b@scientificamerican.com
Bethanne,Kliner,bkliner1c@icq.com
Lynde,Seson,lseson1d@slate.com
Eberhard,Narrie,enarrie1e@vinaora.com
Steven,Zorzetti,szorzetti1f@ftc.gov
Silas,Winterburn,swinterburn1g@squarespace.com
Lay,Polden,lpolden1h@cnn.com
Thomasa,Afield,tafield1i@technorati.com
Jeanelle,Astle,jastle1j@nymag.com
Dru,Keaton,dkeaton1k@mozilla.org
Mandy,Simnor,msimnor1l@moonfruit.com
Alli,Jouhan,ajouhan1m@wordpress.org
Fenelia,Ivanchin,fivanchin1n@wikipedia.org
Roarke,Dolman,rdolman1o@surveymonkey.com
Rosa,Goforth,rgoforth1p@seesaa.net
Alberto,Spinozzi,aspinozzi1q@youtu.be
Farlee,Stoneham,fstoneham1r@baidu.com
Milissent,Niece,mniece1s@foxnews.com
Claudette,Campion,ccampion1t@indiatimes.com
Hattie,Dinkin,hdinkin1u@xing.com
Devlin,Rutt,drutt1v@bluehost.com
Silvester,Deare,sdeare1w@php.net
Skyler,Stranaghan,sstranaghan1x@last.fm
Celestyna,Hendrikse,chendrikse1y@thetimes.co.uk
Clair,Crowche,ccrowche1z@1und1.de
Kurtis,Casbon,kcasbon20@reuters.com
Victoir,Muttock,vmuttock21@ovh.net
Nikaniki,Goss,ngoss22@parallels.com
Lisette,Seeney,lseeney23@forbes.com
Marinna,Cartwight,mcartwight24@europa.eu
Emalee,Bonnick,ebonnick25@scribd.com
Dimitry,Crabbe,dcrabbe26@amazon.co.uk
Nicol,Gery,ngery27@cam.ac.uk
Worth,Littrick,wlittrick28@vk.com
Al,Batchellor,abatchellor29@sfgate.com
Joann,Boyde,jboyde2a@lulu.com
Donal,Alejandri,dalejandri2b@histats.com
Fawnia,Engelmann,fengelmann2c@va.gov
Xavier,Elman,xelman2d@bravesites.com
Dana,Pedracci,dpedracci2e@harvard.edu
Bradly,Wingham,bwingham2f@wisc.edu
Louis,Afonso,lafonso2g@cam.ac.uk
Griffith,Lowden,glowden2h@japanpost.jp
Katlin,Elsmor,kelsmor2i@whitehouse.gov
Igor,Tregunna,itregunna2j@wiley.com
Audrey,Etchell,aetchell2k@berkeley.edu
Verney,Dominec,vdominec2l@usnews.com
Betti,Cleynman,bcleynman2m@stanford.edu
Maddi,Lofts,mlofts2n@google.es
Darren,Jiran,djiran2o@domainmarket.com
Cammie,Deluze,cdeluze2p@tumblr.com
Nicolai,Demcik,ndemcik2q@jigsy.com
Reiko,Bromige,rbromige2r@phoca.cz
Cristian,Segovia,cristiansegovia@gmail.com
Jimena,Chipi,jimechipi@gmail.com
